Type d'acte;Année;Arrondissement;Nombres
Naissances;2006;7ème arrdt;0
Naissances;2006;10ème arrdt;2312
Naissances;2007;1er arrdt;2
Naissances;2011;9ème arrdt;3
Naissances;2013;7ème arrdt;1
Naissances;2014;1er arrdt;0
Naissances;2019;18ème arrdt;2095
Naissances;2021;9ème arrdt;5
Naissances;2022;19ème arrdt;2839
Naissances;2023;16ème arrdt;975
Reconnaissances;2005;3ème arrdt;182
Reconnaissances;2005;19ème arrdt;1650
Reconnaissances;2007;18ème arrdt;1374
Reconnaissances;2008;16ème arrdt;298
Reconnaissances;2010;1er arrdt;68
Reconnaissances;2012;4ème arrdt;93
Reconnaissances;2016;20ème arrdt;840
Reconnaissances;2018;10ème arrdt;585
Reconnaissances;2020;1er arrdt;23
Reconnaissances;2022;17ème arrdt;462
Mariages;2004;9ème arrdt;329
Mariages;2004;10ème arrdt;634
Mariages;2004;19ème arrdt;1170
Mariages;2005;2ème arrdt;150
Mariages;2005;15ème arrdt;1101
Mariages;2006;3ème arrdt;235
Mariages;2006;7ème arrdt;284
Mariages;2008;2ème arrdt;112
Mariages;2008;18ème arrdt;784
Mariages;2009;2ème arrdt;118
Mariages;2009;7ème arrdt;259
Mariages;2009;10ème arrdt;428
Mariages;2009;12ème arrdt;508
Mariages;2010;2ème arrdt;132
Mariages;2011;13ème arrdt;680
Mariages;2011;17ème arrdt;498
Mariages;2017;17ème arrdt;518
Mariages;2020;19ème arrdt;503
Mariages;2021;2ème arrdt;0
Mariages;2022;5ème arrdt;299
Mariages;2022;7ème arrdt;283
Mariages;2022;8ème arrdt;220
Décès;2005;10ème arrdt;1414
Décès;2006;4ème arrdt;349
Décès;2006;5ème arrdt;533
Décès;2007;1er arrdt;44
Décès;2007;8ème arrdt;122
Décès;2007;13ème arrdt;1918
Décès;2009;4ème arrdt;301
Décès;2009;13ème arrdt;2056
Décès;2010;3ème arrdt;50
Décès;2013;17ème arrdt;389
Décès;2013;20ème arrdt;1134
Décès;2014;13ème arrdt;2042
Décès;2015;2ème arrdt;29
Décès;2015;19ème arrdt;1140
Décès;2016;15ème arrdt;3436
Décès;2018;9ème arrdt;105
Décès;2018;18ème arrdt;1628
Décès;2019;1er arrdt;27
Décès;2019;2ème arrdt;30
Décès;2020;14ème arrdt;2639
Décès;2020;20ème arrdt;1395
Décès;2021;5ème arrdt;315
Décès;2021;16ème arrdt;885
Décès;2022;2ème arrdt;23
Décès;2022;6ème arrdt;136
PACS;2017;1er arrdt;27
PACS;2017;18ème arrdt;208
PACS;2017;20ème arrdt;159
PACS;2019;1er arrdt;67
PACS;2019;12ème arrdt;703
PACS;2020;2ème arrdt;78
PACS;2022;9ème arrdt;268
PACS;2023;16ème arrdt;254
Changements de prénom;2017;6ème arrdt;13
Changements de prénom;2017;7ème arrdt;8
Changements de prénom;2020;5ème arrdt;14
Changements de prénom;2020;15ème arrdt;67
Changements de prénom;2021;12ème arrdt;78
Changements de prénom;2022;7ème arrdt;12
Changements de prénom;2022;10ème arrdt;56
Changements de prénom;2022;12ème arrdt;125
Changements de prénom;2022;14ème arrdt;74
Changements de prénom;2022;16ème arrdt;51
Naissances;2004;9ème arrdt;3
Naissances;2004;14ème arrdt;10623
Naissances;2005;6ème arrdt;0
Naissances;2007;8ème arrdt;2
Naissances;2007;14ème arrdt;10199
Naissances;2008;13ème arrdt;3321
Naissances;2009;9ème arrdt;4
Naissances;2009;10ème arrdt;2481
Naissances;2010;10ème arrdt;2563
Naissances;2011;2ème arrdt;1
Naissances;2011;5ème arrdt;3
Naissances;2011;10ème arrdt;2440
Naissances;2012;19ème arrdt;3004
Naissances;2013;11ème arrdt;7
Naissances;2013;20ème arrdt;2786
Naissances;2015;18ème arrdt;2229
Naissances;2016;6ème arrdt;1
Naissances;2017;5ème arrdt;5
Naissances;2019;10ème arrdt;2431
Naissances;2019;12ème arrdt;9648
Naissances;2021;14ème arrdt;10637
Naissances;2022;11ème arrdt;7
Naissances;2022;14ème arrdt;10470
Naissances;2022;17ème arrdt;1157
Reconnaissances;2006;13ème arrdt;1276
Reconnaissances;2007;19ème arrdt;1107
Reconnaissances;2008;10ème arrdt;606
Reconnaissances;2013;15ème arrdt;841
Reconnaissances;2014;5ème arrdt;160
Reconnaissances;2015;10ème arrdt;561
Reconnaissances;2015;17ème arrdt;547
Reconnaissances;2016;11ème arrdt;630
Reconnaissances;2018;2ème arrdt;92
Reconnaissances;2020;19ème arrdt;717
Reconnaissances;2021;6ème arrdt;65
Reconnaissances;2021;20ème arrdt;594
Reconnaissances;2022;8ème arrdt;118
Reconnaissances;2022;12ème arrdt;598
Reconnaissances;2022;16ème arrdt;200
Reconnaissances;2022;19ème arrdt;389
Mariages;2004;20ème arrdt;954
Mariages;2005;12ème arrdt;663
Mariages;2007;13ème arrdt;810
Mariages;2008;1er arrdt;101
Mariages;2008;3ème arrdt;231
Mariages;2008;5ème arrdt;277
Mariages;2008;13ème arrdt;756
Mariages;2008;14ème arrdt;544
Mariages;2009;19ème arrdt;921
Mariages;2010;1er arrdt;115
Mariages;2010;13ème arrdt;642
Mariages;2012;10ème arrdt;373
Mariages;2013;15ème arrdt;966
Mariages;2013;16ème arrdt;762
Mariages;2016;6ème arrdt;212
Mariages;2017;9ème arrdt;288
Mariages;2019;20ème arrdt;636
Mariages;2020;9ème arrdt;159
Mariages;2021;20ème arrdt;543
Mariages;2023;13ème arrdt;582
Mariages;2023;20ème arrdt;583
Décès;2004;19ème arrdt;452
Décès;2006;9ème arrdt;106
Décès;2006;19ème arrdt;543
Décès;2007;20ème arrdt;1301
Décès;2008;5ème arrdt;538
Décès;2008;8ème arrdt;130
Décès;2009;10ème arrdt;1382
Décès;2009;11ème arrdt;290
Décès;2011;7ème arrdt;170
Décès;2011;11ème arrdt;246
Décès;2012;1er arrdt;27
Décès;2014;7ème arrdt;145
Décès;2015;13ème arrdt;2228
Décès;2016;8ème arrdt;90
Décès;2017;2ème arrdt;27
Décès;2018;13ème arrdt;2211
Décès;2019;8ème arrdt;88
Décès;2019;9ème arrdt;103
Décès;2021;7ème arrdt;160
Décès;2022;9ème arrdt;105
PACS;2017;2ème arrdt;50
PACS;2017;7ème arrdt;47
PACS;2017;16ème arrdt;108
PACS;2017;17ème arrdt;151
PACS;2019;16ème arrdt;281
Changements de prénom;2019;19ème arrdt;75
Changements de prénom;2020;11ème arrdt;42
Changements de prénom;2021;20ème arrdt;67
Changements de prénom;2023;2ème arrdt;8
Changements de prénom;2023;11ème arrdt;64
Changements de prénom;2023;18ème arrdt;93
Changements de nom (personne majeure);2023;1er arrdt;10
Changements de nom (personne majeure);2023;6ème arrdt;29
Changements de nom (personne majeure);2023;11ème arrdt;122
Naissances;2004;8ème arrdt;5
Naissances;2004;16ème arrdt;1415
Naissances;2008;17ème arrdt;1703
Naissances;2009;17ème arrdt;1510
Naissances;2011;11ème arrdt;1729
Naissances;2012;1er arrdt;1
Naissances;2013;10ème arrdt;2339
Naissances;2013;16ème arrdt;1390
Naissances;2014;6ème arrdt;1
Naissances;2014;7ème arrdt;0
Naissances;2014;17ème arrdt;1569
Naissances;2015;11ème arrdt;6
Naissances;2015;13ème arrdt;3161
Naissances;2016;13ème arrdt;3044
Naissances;2018;9ème arrdt;6
Naissances;2018;15ème arrdt;6548
Reconnaissances;2004;3ème arrdt;191
Reconnaissances;2004;10ème arrdt;897
Reconnaissances;2005;15ème arrdt;1165
Reconnaissances;2005;16ème arrdt;498
Reconnaissances;2006;15ème arrdt;1059
Reconnaissances;2007;3ème arrdt;165
Reconnaissances;2011;6ème arrdt;84
Reconnaissances;2011;9ème arrdt;259
Reconnaissances;2011;17ème arrdt;600
Reconnaissances;2012;10ème arrdt;514
Reconnaissances;2013;5ème arrdt;148
Reconnaissances;2013;6ème arrdt;93
Reconnaissances;2014;9ème arrdt;238
Reconnaissances;2014;15ème arrdt;834
Reconnaissances;2015;11ème arrdt;709
Reconnaissances;2016;5ème arrdt;143
Reconnaissances;2017;2ème arrdt;98
Reconnaissances;2018;15ème arrdt;812
Reconnaissances;2018;16ème arrdt;264
Reconnaissances;2019;16ème arrdt;238
Reconnaissances;2022;3ème arrdt;219
Reconnaissances;2022;5ème arrdt;108
Mariages;2004;1er arrdt;121
Mariages;2005;3ème arrdt;251
Mariages;2005;8ème arrdt;220
Mariages;2006;4ème arrdt;128
Mariages;2006;10ème arrdt;548
Mariages;2006;13ème arrdt;851
Mariages;2009;8ème arrdt;243
Mariages;2010;12ème arrdt;544
Mariages;2012;7ème arrdt;239
Mariages;2013;19ème arrdt;851
Mariages;2014;17ème arrdt;557
Mariages;2015;14ème arrdt;504
Mariages;2016;18ème arrdt;800
Mariages;2018;10ème arrdt;420
Mariages;2018;16ème arrdt;788
Mariages;2019;14ème arrdt;566
Mariages;2019;15ème arrdt;921
Mariages;2023;14ème arrdt;506
Décès;2005;11ème arrdt;301
Décès;2006;3ème arrdt;44
Décès;2006;7ème arrdt;173
Décès;2008;14ème arrdt;1802
Décès;2009;14ème arrdt;1916
Décès;2010;7ème arrdt;163
Décès;2010;15ème arrdt;3280
Décès;2010;16ème arrdt;1004
Décès;2011;19ème arrdt;955
Décès;2012;6ème arrdt;105
Décès;2014;12ème arrdt;1577
Décès;2015;6ème arrdt;117
Décès;2015;7ème arrdt;155
Décès;2015;17ème arrdt;289
Décès;2016;9ème arrdt;95
Décès;2016;13ème arrdt;2192
Décès;2016;17ème arrdt;342
Décès;2017;6ème arrdt;103
Décès;2019;11ème arrdt;302
Décès;2019;17ème arrdt;351
Décès;2021;1er arrdt;40
Décès;2021;10ème arrdt;1424
Décès;2023;4ème arrdt;63
PACS;2018;6ème arrdt;94
PACS;2019;19ème arrdt;578
PACS;2021;7ème arrdt;129
PACS;2021;16ème arrdt;303
PACS;2022;13ème arrdt;523
PACS;2023;6ème arrdt;98
Changements de prénom;2017;11ème arrdt;27
Changements de prénom;2017;17ème arrdt;52
Changements de prénom;2018;13ème arrdt;83
Changements de prénom;2021;1er arrdt;6
Changements de prénom;2021;18ème arrdt;68
Changements de prénom;2022;17ème arrdt;51
Changements de nom (personne majeure);2022;9ème arrdt;45
Changements de nom (personne majeure);2022;10ème arrdt;131
Changements de nom (personne majeure);2022;13ème arrdt;183
Changements de nom (personne majeure);2023;14ème arrdt;173
Naissances;2004;11ème arrdt;2903
Naissances;2004;15ème arrdt;4321
Naissances;2005;1er arrdt;1
Naissances;2005;17ème arrdt;2022
Naissances;2007;4ème arrdt;4
Naissances;2007;10ème arrdt;2248
Naissances;2008;11ème arrdt;865
Naissances;2009;15ème arrdt;5210
Naissances;2009;19ème arrdt;3051
Naissances;2010;2ème arrdt;0
Naissances;2012;2ème arrdt;2
Naissances;2012;13ème arrdt;3736
Naissances;2013;6ème arrdt;0
Naissances;2015;17ème arrdt;1567
Naissances;2016;9ème arrdt;1
Naissances;2018;10ème arrdt;2358
Naissances;2020;15ème arrdt;6226
Naissances;2023;5ème arrdt;4
Reconnaissances;2005;1er arrdt;70
Reconnaissances;2006;10ème arrdt;832
Reconnaissances;2007;8ème arrdt;124
Reconnaissances;2007;15ème arrdt;831
Reconnaissances;2009;4ème arrdt;107
Reconnaissances;2009;6ème arrdt;105
Reconnaissances;2011;13ème arrdt;928
Reconnaissances;2011;18ème arrdt;1216
Reconnaissances;2012;13ème arrdt;953
Reconnaissances;2012;19ème arrdt;1079
Reconnaissances;2014;12ème arrdt;771
Reconnaissances;2017;1er arrdt;55
Reconnaissances;2017;17ème arrdt;487
Reconnaissances;2018;4ème arrdt;95
Reconnaissances;2018;20ème arrdt;727
Reconnaissances;2019;2ème arrdt;85
Reconnaissances;2019;6ème arrdt;74
Reconnaissances;2021;10ème arrdt;552
Reconnaissances;2022;13ème arrdt;623
Reconnaissances;2023;3ème arrdt;237
Reconnaissances;2023;6ème arrdt;66
Mariages;2004;2ème arrdt;146
Mariages;2006;17ème arrdt;612
Mariages;2007;6ème arrdt;228
Mariages;2007;12ème arrdt;513
Mariages;2007;18ème arrdt;943
Mariages;2008;11ème arrdt;606
Mariages;2011;20ème arrdt;597
Mariages;2012;6ème arrdt;219
Mariages;2012;14ème arrdt;535
Mariages;2013;17ème arrdt;526
Mariages;2014;10ème arrdt;452
Mariages;2017;19ème arrdt;811
Mariages;2017;20ème arrdt;745
Mariages;2018;5ème arrdt;263
Mariages;2019;1er arrdt;116
Mariages;2019;9ème arrdt;304
Mariages;2020;11ème arrdt;428
Mariages;2021;14ème arrdt;469
Mariages;2022;6ème arrdt;220
Mariages;2022;9ème arrdt;228
Décès;2004;13ème arrdt;1851
Décès;2005;3ème arrdt;61
Décès;2005;17ème arrdt;354
Décès;2007;15ème arrdt;3184
Décès;2008;4ème arrdt;284
Décès;2008;10ème arrdt;1444
Décès;2008;13ème arrdt;2006
Décès;2009;3ème arrdt;48
Décès;2009;8ème arrdt;116
Décès;2010;5ème arrdt;603
Décès;2011;3ème arrdt;53
Décès;2011;18ème arrdt;1362
Décès;2013;8ème arrdt;94
Décès;2018;2ème arrdt;29
Décès;2018;4ème arrdt;59
Décès;2018;19ème arrdt;1166
Décès;2019;3ème arrdt;42
Décès;2020;2ème arrdt;24
Décès;2021;19ème arrdt;994
PACS;2021;11ème arrdt;816
PACS;2021;20ème arrdt;687
PACS;2023;12ème arrdt;531
PACS;2023;18ème arrdt;760
Changements de prénom;2020;3ème arrdt;12
Changements de prénom;2022;3ème arrdt;15
Changements de prénom;2022;19ème arrdt;75
Changements de prénom;2022;20ème arrdt;65
Changements de nom (personne majeure);2022;1er arrdt;18
Changements de nom (personne majeure);2023;15ème arrdt;152
Naissances;2004;2ème arrdt;1
Naissances;2006;18ème arrdt;2137
Naissances;2007;11ème arrdt;1144
Naissances;2011;8ème arrdt;3
Naissances;2011;14ème arrdt;9804
Naissances;2013;3ème arrdt;0
Naissances;2014;2ème arrdt;0
Naissances;2014;8ème arrdt;4
Naissances;2014;13ème arrdt;3427
Naissances;2016;5ème arrdt;4
Naissances;2016;19ème arrdt;3102
Naissances;2016;20ème arrdt;1869
Naissances;2017;2ème arrdt;1
Naissances;2017;7ème arrdt;1
Naissances;2017;11ème arrdt;9
Naissances;2017;17ème arrdt;1289
Naissances;2018;8ème arrdt;2
Naissances;2018;14ème arrdt;11140
Naissances;2018;18ème arrdt;2141
Naissances;2019;19ème arrdt;3103
Naissances;2020;18ème arrdt;2061
Naissances;2021;2ème arrdt;2
Naissances;2021;7ème arrdt;2
Naissances;2021;10ème arrdt;2200
Naissances;2023;9ème arrdt;1
Reconnaissances;2006;4ème arrdt;124
Reconnaissances;2007;1er arrdt;61
Reconnaissances;2007;9ème arrdt;285
Reconnaissances;2009;3ème arrdt;138
Reconnaissances;2009;9ème arrdt;250
Reconnaissances;2010;8ème arrdt;125
Reconnaissances;2011;4ème arrdt;110
Reconnaissances;2012;3ème arrdt;109
Reconnaissances;2012;5ème arrdt;131
Reconnaissances;2013;14ème arrdt;752
Reconnaissances;2013;17ème arrdt;541
Reconnaissances;2013;20ème arrdt;993
Reconnaissances;2014;1er arrdt;64
Reconnaissances;2015;18ème arrdt;1195
Reconnaissances;2016;7ème arrdt;89
Reconnaissances;2017;4ème arrdt;89
Reconnaissances;2017;13ème arrdt;874
Reconnaissances;2018;18ème arrdt;1151
Reconnaissances;2019;12ème arrdt;646
Reconnaissances;2021;7ème arrdt;93
Reconnaissances;2022;11ème arrdt;534
Reconnaissances;2022;18ème arrdt;1027
Reconnaissances;2023;9ème arrdt;171
Mariages;2004;3ème arrdt;250
Mariages;2004;18ème arrdt;992
Mariages;2005;11ème arrdt;786
Mariages;2006;16ème arrdt;809
Mariages;2007;14ème arrdt;516
Mariages;2008;16ème arrdt;749
Mariages;2010;9ème arrdt;275
Mariages;2011;14ème arrdt;533
Mariages;2013;10ème arrdt;448
Mariages;2015;2ème arrdt;142
Mariages;2015;9ème arrdt;281
Mariages;2015;12ème arrdt;568
Mariages;2015;17ème arrdt;493
Mariages;2015;18ème arrdt;685
Mariages;2015;20ème arrdt;710
Mariages;2016;12ème arrdt;518
Mariages;2016;14ème arrdt;520
Mariages;2019;16ème arrdt;789
Mariages;2020;6ème arrdt;130
Mariages;2022;11ème arrdt;494
Mariages;2023;9ème arrdt;240
Décès;2004;17ème arrdt;339
Décès;2005;13ème arrdt;1956
Décès;2007;2ème arrdt;42
Décès;2008;6ème arrdt;97
Décès;2009;5ème arrdt;569
Décès;2010;20ème arrdt;1166
Décès;2012;9ème arrdt;87
Décès;2012;10ème arrdt;1370
Décès;2013;7ème arrdt;186
Décès;2013;12ème arrdt;1625
Décès;2014;5ème arrdt;666
Décès;2014;18ème arrdt;1370
Décès;2014;19ème arrdt;1138
Décès;2017;10ème arrdt;1341
Décès;2017;14ème arrdt;2088
Décès;2017;18ème arrdt;1676
Décès;2020;11ème arrdt;371
Décès;2020;16ème arrdt;1074
Décès;2021;15ème arrdt;3375
Décès;2022;20ème arrdt;1316
Décès;2023;11ème arrdt;310
Décès;2023;14ème arrdt;2301
PACS;2018;4ème arrdt;125
PACS;2018;9ème arrdt;296
PACS;2018;10ème arrdt;501
PACS;2018;20ème arrdt;711
PACS;2019;3ème arrdt;184
PACS;2019;20ème arrdt;665
PACS;2020;16ème arrdt;237
PACS;2022;5ème arrdt;198
PACS;2023;8ème arrdt;100
Changements de prénom;2017;2ème arrdt;10
Changements de prénom;2018;5ème arrdt;25
Changements de prénom;2018;14ème arrdt;62
Changements de prénom;2020;17ème arrdt;48
Changements de prénom;2021;4ème arrdt;14
Changements de prénom;2023;4ème arrdt;21
Naissances;2004;10ème arrdt;1759
Naissances;2005;14ème arrdt;10503
Naissances;2006;13ème arrdt;3541
Naissances;2007;3ème arrdt;1
Naissances;2007;9ème arrdt;0
Naissances;2007;18ème arrdt;2176
Naissances;2007;20ème arrdt;2237
Naissances;2008;2ème arrdt;1
Naissances;2008;15ème arrdt;5125
Naissances;2009;1er arrdt;2
Naissances;2010;3ème arrdt;4
Naissances;2012;4ème arrdt;1
Naissances;2012;14ème arrdt;10380
Naissances;2013;15ème arrdt;6111
Naissances;2016;2ème arrdt;0
Naissances;2017;12ème arrdt;8871
Naissances;2018;13ème arrdt;3077
Naissances;2022;13ème arrdt;2412
Naissances;2023;3ème arrdt;1
Naissances;2023;18ème arrdt;1814
Reconnaissances;2006;1er arrdt;74
Reconnaissances;2006;3ème arrdt;183
Reconnaissances;2007;12ème arrdt;885
Reconnaissances;2007;17ème arrdt;659
Reconnaissances;2008;1er arrdt;54
Reconnaissances;2009;11ème arrdt;792
Reconnaissances;2013;8ème arrdt;115
Reconnaissances;2013;12ème arrdt;844
Reconnaissances;2014;8ème arrdt;106
Reconnaissances;2014;18ème arrdt;1332
Reconnaissances;2015;15ème arrdt;917
Reconnaissances;2017;18ème arrdt;1206
Reconnaissances;2018;8ème arrdt;133
Reconnaissances;2018;19ème arrdt;789
Reconnaissances;2019;7ème arrdt;76
Reconnaissances;2023;4ème arrdt;1
Reconnaissances;2023;18ème arrdt;966
Mariages;2004;13ème arrdt;806
Mariages;2004;15ème arrdt;1057
Mariages;2006;8ème arrdt;237
Mariages;2007;20ème arrdt;797
Mariages;2008;8ème arrdt;214
Mariages;2009;16ème arrdt;750
Mariages;2010;8ème arrdt;231
Mariages;2010;18ème arrdt;744
Mariages;2012;2ème arrdt;111
Mariages;2012;5ème arrdt;280
Mariages;2013;18ème arrdt;746
Mariages;2014;7ème arrdt;287
Mariages;2015;4ème arrdt;133
Mariages;2015;7ème arrdt;281
Mariages;2016;9ème arrdt;314
Mariages;2016;15ème arrdt;876
Mariages;2018;2ème arrdt;122
Mariages;2018;11ème arrdt;626
Mariages;2018;18ème arrdt;804
Mariages;2020;3ème arrdt;208
Mariages;2020;10ème arrdt;230
Mariages;2022;15ème arrdt;979
Mariages;2022;16ème arrdt;827
Mariages;2023;17ème arrdt;445
Décès;2004;3ème arrdt;56
Décès;2008;17ème arrdt;344
Décès;2008;18ème arrdt;1449
Décès;2008;20ème arrdt;1249
Décès;2009;16ème arrdt;936
Décès;2010;12ème arrdt;1639
Décès;2010;19ème arrdt;858
Décès;2011;5ème arrdt;641
Décès;2012;5ème arrdt;678
Décès;2014;4ème arrdt;55
Décès;2014;17ème arrdt;346
Décès;2015;12ème arrdt;1637
Décès;2017;12ème arrdt;1518
Décès;2019;4ème arrdt;53
Décès;2021;2ème arrdt;28
Décès;2021;11ème arrdt;332
Décès;2022;1er arrdt;31
Décès;2022;4ème arrdt;48
Décès;2022;5ème arrdt;262
Décès;2023;9ème arrdt;78
Décès;2023;16ème arrdt;923
PACS;2018;3ème arrdt;182
PACS;2018;15ème arrdt;1002
PACS;2020;18ème arrdt;798
PACS;2021;1er arrdt;65
PACS;2021;5ème arrdt;219
PACS;2021;12ème arrdt;646
PACS;2021;19ème arrdt;590
PACS;2022;4ème arrdt;127
PACS;2022;8ème arrdt;116
PACS;2023;10ème arrdt;436
Changements de prénom;2017;15ème arrdt;76
Changements de prénom;2017;16ème arrdt;54
Changements de prénom;2018;8ème arrdt;13
Changements de prénom;2018;17ème arrdt;57
Changements de prénom;2019;4ème arrdt;7
Changements de prénom;2020;10ème arrdt;41
Changements de prénom;2020;16ème arrdt;39
Changements de prénom;2021;9ème arrdt;23
Changements de prénom;2023;12ème arrdt;129
Changements de nom (personne majeure);2023;10ème arrdt;97
Naissances;2004;3ème arrdt;4
Naissances;2004;19ème arrdt;2649
Naissances;2006;9ème arrdt;3
Naissances;2007;5ème arrdt;2
Naissances;2007;13ème arrdt;3288
Naissances;2009;7ème arrdt;3
Naissances;2009;20ème arrdt;2279
Naissances;2010;8ème arrdt;2
Naissances;2011;3ème arrdt;5
Naissances;2011;6ème arrdt;1
Naissances;2014;4ème arrdt;1
Naissances;2016;15ème arrdt;5830
Naissances;2016;16ème arrdt;1283
Naissances;2019;11ème arrdt;8
Naissances;2021;13ème arrdt;2798
Naissances;2021;17ème arrdt;1281
Naissances;2023;8ème arrdt;1
Naissances;2023;10ème arrdt;2310
Reconnaissances;2004;7ème arrdt;154
Reconnaissances;2005;2ème arrdt;115
Reconnaissances;2005;11ème arrdt;1445
Reconnaissances;2006;19ème arrdt;1579
Reconnaissances;2008;19ème arrdt;1074
Reconnaissances;2008;20ème arrdt;1020
Reconnaissances;2010;9ème arrdt;251
Reconnaissances;2011;2ème arrdt;116
Reconnaissances;2012;12ème arrdt;774
Reconnaissances;2014;20ème arrdt;980
Reconnaissances;2015;13ème arrdt;913
Reconnaissances;2018;7ème arrdt;96
Reconnaissances;2019;11ème arrdt;583
Reconnaissances;2020;10ème arrdt;542
Reconnaissances;2020;11ème arrdt;520
Reconnaissances;2021;4ème arrdt;1
Reconnaissances;2021;15ème arrdt;747
Reconnaissances;2021;17ème arrdt;529
Reconnaissances;2023;15ème arrdt;604
Mariages;2005;4ème arrdt;133
Mariages;2006;12ème arrdt;591
Mariages;2007;3ème arrdt;216
Mariages;2007;4ème arrdt;161
Mariages;2007;9ème arrdt;326
Mariages;2010;7ème arrdt;259
Mariages;2010;11ème arrdt;584
Mariages;2011;5ème arrdt;300
Mariages;2013;12ème arrdt;550
Mariages;2013;20ème arrdt;733
Mariages;2016;5ème arrdt;273
Mariages;2017;4ème arrdt;148
Mariages;2018;12ème arrdt;512
Mariages;2021;4ème arrdt;0
Mariages;2021;13ème arrdt;609
Mariages;2021;18ème arrdt;678
Mariages;2022;2ème arrdt;0
Décès;2005;9ème arrdt;125
Décès;2007;9ème arrdt;93
Décès;2008;11ème arrdt;302
Décès;2009;15ème arrdt;3336
Décès;2010;1er arrdt;43
Décès;2012;3ème arrdt;65
Décès;2012;19ème arrdt;971
Décès;2013;2ème arrdt;33
Décès;2014;8ème arrdt;83
Décès;2015;1er arrdt;36
Décès;2015;10ème arrdt;1371
Décès;2016;1er arrdt;37
Décès;2018;7ème arrdt;163
Décès;2020;12ème arrdt;1866
Décès;2021;4ème arrdt;47
Décès;2021;6ème arrdt;126
Décès;2022;10ème arrdt;1425
PACS;2017;9ème arrdt;126
PACS;2018;12ème arrdt;770
PACS;2018;17ème arrdt;734
PACS;2019;10ème arrdt;488
PACS;2020;17ème arrdt;666
PACS;2022;16ème arrdt;265
Changements de prénom;2017;3ème arrdt;16
Changements de prénom;2019;1er arrdt;9
Changements de prénom;2019;9ème arrdt;25
Changements de prénom;2019;20ème arrdt;61
Changements de prénom;2020;9ème arrdt;11
Changements de prénom;2021;6ème arrdt;11
Changements de prénom;2021;17ème arrdt;50
Changements de prénom;2023;5ème arrdt;21
Changements de nom (personne majeure);2022;18ème arrdt;195
Naissances;2006;3ème arrdt;2
Naissances;2006;5ème arrdt;3
Naissances;2006;16ème arrdt;1134
Naissances;2006;20ème arrdt;2115
Naissances;2007;16ème arrdt;1054
Naissances;2008;5ème arrdt;1
Naissances;2008;19ème arrdt;2953
Naissances;2010;1er arrdt;1
Naissances;2010;12ème arrdt;10226
Naissances;2011;16ème arrdt;1345
Naissances;2013;9ème arrdt;2
Naissances;2014;16ème arrdt;1319
Naissances;2015;9ème arrdt;4
Naissances;2015;12ème arrdt;9691
Naissances;2015;14ème arrdt;10586
Naissances;2015;20ème arrdt;2615
Naissances;2016;11ème arrdt;5
Naissances;2018;2ème arrdt;2
Naissances;2019;17ème arrdt;1080
Naissances;2019;20ème arrdt;2611
Naissances;2020;5ème arrdt;3
Naissances;2020;11ème arrdt;7
Naissances;2020;20ème arrdt;2558
Naissances;2021;12ème arrdt;9669
Naissances;2022;18ème arrdt;1919
Reconnaissances;2004;1er arrdt;79
Reconnaissances;2004;6ème arrdt;136
Reconnaissances;2004;17ème arrdt;918
Reconnaissances;2005;4ème arrdt;137
Reconnaissances;2005;6ème arrdt;120
Reconnaissances;2005;14ème arrdt;1073
Reconnaissances;2006;9ème arrdt;311
Reconnaissances;2007;7ème arrdt;105
Reconnaissances;2009;2ème arrdt;96
Reconnaissances;2009;5ème arrdt;152
Reconnaissances;2010;3ème arrdt;137
Reconnaissances;2010;13ème arrdt;938
Reconnaissances;2011;7ème arrdt;96
Reconnaissances;2011;8ème arrdt;106
Reconnaissances;2011;19ème arrdt;1104
Reconnaissances;2013;2ème arrdt;84
Reconnaissances;2013;13ème arrdt;934
Reconnaissances;2013;16ème arrdt;283
Reconnaissances;2015;7ème arrdt;89
Reconnaissances;2016;6ème arrdt;99
Reconnaissances;2016;16ème arrdt;265
Reconnaissances;2017;8ème arrdt;126
Reconnaissances;2017;16ème arrdt;261
Reconnaissances;2020;6ème arrdt;61
Reconnaissances;2020;18ème arrdt;949
Reconnaissances;2023;1er arrdt;1
Mariages;2004;17ème arrdt;633
Mariages;2005;14ème arrdt;663
Mariages;2005;20ème arrdt;980
Mariages;2008;15ème arrdt;953
Mariages;2009;13ème arrdt;778
Mariages;2010;5ème arrdt;287
Mariages;2010;6ème arrdt;206
Mariages;2010;15ème arrdt;924
Mariages;2011;7ème arrdt;247
Mariages;2012;15ème arrdt;996
Mariages;2013;3ème arrdt;250
Mariages;2014;9ème arrdt;316
Mariages;2018;17ème arrdt;525
Mariages;2019;3ème arrdt;224
Mariages;2020;1er arrdt;39
Mariages;2020;20ème arrdt;393
Mariages;2021;15ème arrdt;932
Mariages;2022;13ème arrdt;588
Décès;2004;5ème arrdt;623
Décès;2004;15ème arrdt;2744
Décès;2005;1er arrdt;35
Décès;2005;6ème arrdt;114
Décès;2007;17ème arrdt;386
Décès;2008;12ème arrdt;1534
Décès;2010;2ème arrdt;38
Décès;2011;1er arrdt;47
Décès;2011;14ème arrdt;1973
Décès;2012;4ème arrdt;248
Décès;2013;10ème arrdt;1364
Décès;2013;13ème arrdt;2200
Décès;2013;19ème arrdt;1160
Décès;2014;10ème arrdt;1348
Décès;2015;4ème arrdt;44
Décès;2018;11ème arrdt;280
Décès;2019;15ème arrdt;3505
Décès;2019;18ème arrdt;1500
Décès;2020;3ème arrdt;64
Décès;2021;8ème arrdt;78
Décès;2023;8ème arrdt;87
PACS;2017;13ème arrdt;123
PACS;2018;19ème arrdt;652
PACS;2019;7ème arrdt;147
PACS;2019;14ème arrdt;574
PACS;2023;2ème arrdt;99
Changements de prénom;2019;5ème arrdt;14
Changements de prénom;2019;13ème arrdt;74
Changements de prénom;2021;5ème arrdt;21
Changements de prénom;2023;7ème arrdt;15
Changements de nom (personne majeure);2022;4ème arrdt;36
Changements de nom (personne majeure);2022;12ème arrdt;165
Changements de nom (personne majeure);2022;17ème arrdt;110
Naissances;2005;16ème arrdt;1255
Naissances;2005;20ème arrdt;2281
Naissances;2012;10ème arrdt;2475
Naissances;2012;15ème arrdt;5379
Naissances;2013;14ème arrdt;10279
Naissances;2014;11ème arrdt;10
Naissances;2014;19ème arrdt;3050
Naissances;2015;15ème arrdt;5902
Naissances;2016;18ème arrdt;2222
Naissances;2017;15ème arrdt;6059
Naissances;2018;12ème arrdt;9384
Naissances;2018;16ème arrdt;1125
Naissances;2019;6ème arrdt;1
Naissances;2019;16ème arrdt;1161
Naissances;2021;5ème arrdt;3
Naissances;2021;6ème arrdt;4
Naissances;2021;19ème arrdt;3029
Naissances;2023;11ème arrdt;10
Reconnaissances;2004;2ème arrdt;147
Reconnaissances;2004;9ème arrdt;339
Reconnaissances;2004;16ème arrdt;522
Reconnaissances;2005;9ème arrdt;296
Reconnaissances;2006;20ème arrdt;1161
Reconnaissances;2008;2ème arrdt;89
Reconnaissances;2008;6ème arrdt;85
Reconnaissances;2010;20ème arrdt;1080
Reconnaissances;2012;11ème arrdt;752
Reconnaissances;2013;19ème arrdt;1050
Reconnaissances;2014;3ème arrdt;135
Reconnaissances;2014;10ème arrdt;482
Reconnaissances;2014;13ème arrdt;995
Reconnaissances;2016;1er arrdt;55
Reconnaissances;2016;10ème arrdt;502
Reconnaissances;2016;13ème arrdt;959
Reconnaissances;2018;9ème arrdt;237
Reconnaissances;2018;11ème arrdt;629
Reconnaissances;2019;5ème arrdt;123
Reconnaissances;2019;13ème arrdt;815
Reconnaissances;2019;19ème arrdt;725
Reconnaissances;2021;5ème arrdt;133
Reconnaissances;2021;8ème arrdt;102
Reconnaissances;2021;9ème arrdt;177
Reconnaissances;2021;11ème arrdt;624
Reconnaissances;2021;12ème arrdt;635
Reconnaissances;2021;16ème arrdt;227
Mariages;2005;1er arrdt;115
Mariages;2005;9ème arrdt;338
Mariages;2007;17ème arrdt;557
Mariages;2009;1er arrdt;99
Mariages;2012;9ème arrdt;238
Mariages;2014;15ème arrdt;1029
Mariages;2016;1er arrdt;116
Mariages;2016;4ème arrdt;143
Mariages;2018;14ème arrdt;562
Mariages;2019;7ème arrdt;278
Mariages;2021;3ème arrdt;425
Mariages;2023;2ème arrdt;0
Mariages;2023;4ème arrdt;0
Décès;2004;20ème arrdt;1318
Décès;2005;5ème arrdt;612
Décès;2007;18ème arrdt;1545
Décès;2009;7ème arrdt;192
Décès;2010;9ème arrdt;86
Décès;2011;8ème arrdt;108
Décès;2012;18ème arrdt;1385
Décès;2014;3ème arrdt;51
Décès;2014;16ème arrdt;954
Décès;2015;9ème arrdt;104
Décès;2017;7ème arrdt;178
Décès;2018;12ème arrdt;1562
Décès;2020;5ème arrdt;382
Décès;2021;13ème arrdt;2612
PACS;2019;2ème arrdt;129
PACS;2020;8ème arrdt;114
PACS;2020;9ème arrdt;278
PACS;2020;20ème arrdt;557
PACS;2021;13ème arrdt;554
PACS;2023;14ème arrdt;454
Changements de prénom;2017;1er arrdt;6
Changements de prénom;2018;7ème arrdt;11
Changements de prénom;2021;3ème arrdt;17
Changements de prénom;2022;2ème arrdt;12
Changements de prénom;2022;11ème arrdt;66
Changements de prénom;2023;15ème arrdt;106
Changements de nom (personne majeure);2023;9ème arrdt;40
Changements de nom (personne majeure);2023;18ème arrdt;182
Naissances;2006;4ème arrdt;5
Naissances;2007;2ème arrdt;3
Naissances;2008;8ème arrdt;2
Naissances;2008;14ème arrdt;9961
Naissances;2009;16ème arrdt;1395
Naissances;2010;11ème arrdt;1847
Naissances;2010;20ème arrdt;2471
Naissances;2011;17ème arrdt;1631
Naissances;2014;9ème arrdt;4
Naissances;2017;8ème arrdt;0
Naissances;2017;19ème arrdt;3035
Naissances;2019;3ème arrdt;1
Naissances;2019;13ème arrdt;2927
Naissances;2020;8ème arrdt;3
Naissances;2022;6ème arrdt;1
Naissances;2022;12ème arrdt;8823
Naissances;2023;6ème arrdt;2
Naissances;2023;15ème arrdt;6020
Reconnaissances;2005;13ème arrdt;1447
Reconnaissances;2007;14ème arrdt;710
Reconnaissances;2008;13ème arrdt;1003
Reconnaissances;2009;14ème arrdt;702
Reconnaissances;2010;16ème arrdt;293
Reconnaissances;2012;20ème arrdt;929
Reconnaissances;2014;17ème arrdt;586
Reconnaissances;2016;14ème arrdt;687
Reconnaissances;2017;3ème arrdt;124
Reconnaissances;2017;10ème arrdt;551
Reconnaissances;2017;11ème arrdt;613
Reconnaissances;2017;19ème arrdt;877
Reconnaissances;2019;9ème arrdt;210
Reconnaissances;2021;18ème arrdt;1063
Reconnaissances;2022;14ème arrdt;527
Reconnaissances;2023;13ème arrdt;585
Reconnaissances;2023;14ème arrdt;452
Mariages;2006;19ème arrdt;1003
Mariages;2007;5ème arrdt;279
Mariages;2008;6ème arrdt;219
Mariages;2009;4ème arrdt;128
Mariages;2010;3ème arrdt;174
Mariages;2010;20ème arrdt;699
Mariages;2011;2ème arrdt;107
Mariages;2012;19ème arrdt;933
Mariages;2014;4ème arrdt;146
Mariages;2015;13ème arrdt;680
Mariages;2016;19ème arrdt;861
Mariages;2017;6ème arrdt;189
Mariages;2017;11ème arrdt;636
Mariages;2018;6ème arrdt;175
Mariages;2018;15ème arrdt;1003
Mariages;2020;15ème arrdt;699
Mariages;2022;10ème arrdt;349
Mariages;2023;16ème arrdt;790
Décès;2004;12ème arrdt;1529
Décès;2004;16ème arrdt;711
Décès;2006;14ème arrdt;1831
Décès;2007;7ème arrdt;210
Décès;2007;16ème arrdt;906
Décès;2008;7ème arrdt;224
Décès;2008;9ème arrdt;85
Décès;2008;16ème arrdt;950
Décès;2009;12ème arrdt;1558
Décès;2011;4ème arrdt;279
Décès;2011;13ème arrdt;2184
Décès;2011;16ème arrdt;920
Décès;2011;20ème arrdt;1111
Décès;2012;20ème arrdt;1146
Décès;2019;5ème arrdt;364
Décès;2019;16ème arrdt;1017
Décès;2020;1er arrdt;39
Décès;2020;9ème arrdt;112
Décès;2021;3ème arrdt;64
Décès;2022;12ème arrdt;1649
Décès;2023;1er arrdt;42
Décès;2023;13ème arrdt;2179
Décès;2023;19ème arrdt;858
PACS;2021;2ème arrdt;144
PACS;2021;6ème arrdt;99
PACS;2021;10ème arrdt;528
Changements de prénom;2017;12ème arrdt;102
Changements de prénom;2017;18ème arrdt;56
Changements de prénom;2017;20ème arrdt;65
Changements de prénom;2018;4ème arrdt;6
Changements de prénom;2019;6ème arrdt;12
Changements de prénom;2019;17ème arrdt;38
Changements de prénom;2023;8ème arrdt;16
Changements de prénom;2023;9ème arrdt;10
Changements de prénom;2023;13ème arrdt;148
Changements de nom (personne majeure);2022;11ème arrdt;148
Naissances;2005;5ème arrdt;3
Naissances;2006;11ème arrdt;2769
Naissances;2007;6ème arrdt;1
Naissances;2008;18ème arrdt;2323
Naissances;2014;10ème arrdt;2679
Naissances;2016;7ème arrdt;0
Naissances;2016;14ème arrdt;11046
Naissances;2017;1er arrdt;1
Naissances;2017;18ème arrdt;2138
Naissances;2018;4ème arrdt;2
Naissances;2019;2ème arrdt;1
Naissances;2019;8ème arrdt;4
Naissances;2019;9ème arrdt;1
Naissances;2020;1er arrdt;1
Naissances;2020;12ème arrdt;8785
Naissances;2021;1er arrdt;0
Reconnaissances;2005;7ème arrdt;130
Reconnaissances;2005;20ème arrdt;1194
Reconnaissances;2006;8ème arrdt;124
Reconnaissances;2007;2ème arrdt;110
Reconnaissances;2007;10ème arrdt;685
Reconnaissances;2007;20ème arrdt;1052
Reconnaissances;2008;11ème arrdt;761
Reconnaissances;2010;18ème arrdt;1297
Reconnaissances;2011;1er arrdt;48
Reconnaissances;2011;14ème arrdt;712
Reconnaissances;2012;1er arrdt;62
Reconnaissances;2014;7ème arrdt;83
Reconnaissances;2015;4ème arrdt;97
Reconnaissances;2015;19ème arrdt;862
Reconnaissances;2018;13ème arrdt;920
Reconnaissances;2019;18ème arrdt;1107
Reconnaissances;2020;14ème arrdt;464
Reconnaissances;2022;2ème arrdt;1
Reconnaissances;2023;7ème arrdt;52
Reconnaissances;2023;19ème arrdt;356
Mariages;2005;6ème arrdt;238
Mariages;2005;19ème arrdt;1154
Mariages;2007;15ème arrdt;958
Mariages;2008;10ème arrdt;411
Mariages;2013;5ème arrdt;262
Mariages;2013;6ème arrdt;199
Mariages;2013;7ème arrdt;244
Mariages;2014;3ème arrdt;261
Mariages;2015;10ème arrdt;374
Mariages;2020;2ème arrdt;54
Mariages;2020;8ème arrdt;151
Mariages;2020;16ème arrdt;525
Mariages;2021;1er arrdt;0
Mariages;2021;8ème arrdt;198
Mariages;2021;12ème arrdt;415
Mariages;2021;17ème arrdt;422
Mariages;2023;5ème arrdt;292
Mariages;2023;7ème arrdt;278
Mariages;2023;10ème arrdt;373
Mariages;2023;12ème arrdt;557
Mariages;2023;15ème arrdt;972
Décès;2004;8ème arrdt;146
Décès;2005;2ème arrdt;46
Décès;2005;8ème arrdt;121
Décès;2005;15ème arrdt;2744
Décès;2006;12ème arrdt;1511
Décès;2006;20ème arrdt;1302
Décès;2010;17ème arrdt;390
Décès;2012;2ème arrdt;26
Décès;2012;11ème arrdt;273
Décès;2014;1er arrdt;26
Décès;2014;2ème arrdt;18
Décès;2015;3ème arrdt;54
Décès;2017;15ème arrdt;3710
Décès;2018;5ème arrdt;382
Décès;2019;13ème arrdt;2269
Décès;2021;12ème arrdt;1644
Décès;2022;3ème arrdt;44
Décès;2022;19ème arrdt;908
PACS;2018;5ème arrdt;232
PACS;2019;8ème arrdt;104
PACS;2020;3ème arrdt;110
PACS;2021;15ème arrdt;947
PACS;2022;3ème arrdt;157
PACS;2022;20ème arrdt;653
PACS;2023;1er arrdt;66
PACS;2023;17ème arrdt;589
Changements de prénom;2017;5ème arrdt;26
Changements de prénom;2018;1er arrdt;8
Changements de prénom;2019;12ème arrdt;93
Changements de prénom;2021;11ème arrdt;55
Changements de nom (personne majeure);2022;2ème arrdt;29
Changements de nom (personne majeure);2022;6ème arrdt;42
Changements de nom (personne majeure);2022;14ème arrdt;204
Changements de nom (personne majeure);2022;19ème arrdt;134
Changements de nom (personne majeure);2023;3ème arrdt;28
Changements de nom (personne majeure);2023;20ème arrdt;158
Naissances;2004;4ème arrdt;5
Naissances;2004;18ème arrdt;2434
Naissances;2005;8ème arrdt;0
Naissances;2005;13ème arrdt;3601
Naissances;2008;7ème arrdt;5
Naissances;2008;16ème arrdt;1179
Naissances;2009;2ème arrdt;1
Naissances;2009;8ème arrdt;1
Naissances;2010;16ème arrdt;1602
Naissances;2011;7ème arrdt;1
Naissances;2013;5ème arrdt;1
Naissances;2014;12ème arrdt;9432
Naissances;2015;1er arrdt;0
Naissances;2015;8ème arrdt;4
Naissances;2016;4ème arrdt;1
Naissances;2018;19ème arrdt;3125
Naissances;2020;2ème arrdt;0
Naissances;2020;13ème arrdt;2874
Naissances;2023;2ème arrdt;0
Naissances;2023;7ème arrdt;3
Reconnaissances;2004;12ème arrdt;1980
Reconnaissances;2004;18ème arrdt;1991
Reconnaissances;2005;8ème arrdt;139
Reconnaissances;2005;10ème arrdt;913
Reconnaissances;2007;5ème arrdt;150
Reconnaissances;2010;12ème arrdt;845
Reconnaissances;2011;12ème arrdt;740
Reconnaissances;2012;14ème arrdt;724
Reconnaissances;2013;9ème arrdt;211
Reconnaissances;2014;4ème arrdt;96
Reconnaissances;2015;16ème arrdt;267
Reconnaissances;2016;2ème arrdt;109
Reconnaissances;2018;5ème arrdt;129
Reconnaissances;2019;1er arrdt;47
Reconnaissances;2020;13ème arrdt;760
Reconnaissances;2021;3ème arrdt;266
Reconnaissances;2022;1er arrdt;0
Reconnaissances;2022;9ème arrdt;151
Mariages;2005;16ème arrdt;803
Mariages;2006;2ème arrdt;119
Mariages;2009;11ème arrdt;619
Mariages;2010;14ème arrdt;588
Mariages;2010;17ème arrdt;563
Mariages;2011;19ème arrdt;916
Mariages;2012;8ème arrdt;196
Mariages;2013;2ème arrdt;127
Mariages;2013;4ème arrdt;158
Mariages;2013;9ème arrdt;303
Mariages;2014;6ème arrdt;201
Mariages;2014;8ème arrdt;221
Mariages;2014;19ème arrdt;868
Mariages;2015;5ème arrdt;291
Mariages;2015;6ème arrdt;216
Mariages;2015;16ème arrdt;796
Mariages;2016;16ème arrdt;749
Mariages;2018;1er arrdt;104
Mariages;2018;7ème arrdt;287
Mariages;2018;8ème arrdt;199
Mariages;2018;20ème arrdt;586
Mariages;2019;11ème arrdt;594
Mariages;2019;19ème arrdt;847
Mariages;2020;4ème arrdt;58
Mariages;2021;6ème arrdt;181
Mariages;2023;19ème arrdt;711
Décès;2004;7ème arrdt;231
Décès;2005;18ème arrdt;1428
Décès;2006;10ème arrdt;1433
Décès;2009;2ème arrdt;42
Décès;2009;18ème arrdt;1411
Décès;2010;10ème arrdt;1344
Décès;2014;6ème arrdt;106
Décès;2015;8ème arrdt;104
Décès;2016;16ème arrdt;1022
Décès;2018;10ème arrdt;1351
Décès;2023;20ème arrdt;1283
PACS;2017;5ème arrdt;75
PACS;2018;16ème arrdt;296
PACS;2018;18ème arrdt;964
PACS;2020;7ème arrdt;148
PACS;2020;15ème arrdt;782
PACS;2020;19ème arrdt;508
Changements de prénom;2018;15ème arrdt;103
Changements de prénom;2019;10ème arrdt;44
Changements de prénom;2019;11ème arrdt;41
Changements de prénom;2021;10ème arrdt;60
Changements de prénom;2021;13ème arrdt;81
Changements de prénom;2022;6ème arrdt;17
Changements de prénom;2022;13ème arrdt;99
Changements de nom (personne majeure);2022;3ème arrdt;38
Changements de nom (personne majeure);2022;7ème arrdt;37
Changements de nom (personne majeure);2023;12ème arrdt;155
Naissances;2004;6ème arrdt;2
Naissances;2005;15ème arrdt;4563
Naissances;2006;1er arrdt;1
Naissances;2008;3ème arrdt;2
Naissances;2010;14ème arrdt;10235
Naissances;2010;18ème arrdt;2220
Naissances;2011;1er arrdt;1
Naissances;2011;15ème arrdt;5713
Naissances;2012;8ème arrdt;1
Naissances;2013;13ème arrdt;3593
Naissances;2014;18ème arrdt;2196
Naissances;2015;10ème arrdt;2564
Naissances;2016;1er arrdt;1
Naissances;2016;3ème arrdt;2
Naissances;2017;6ème arrdt;1
Naissances;2017;16ème arrdt;1074
Naissances;2018;17ème arrdt;1060
Naissances;2019;4ème arrdt;2
Naissances;2019;7ème arrdt;2
Naissances;2019;14ème arrdt;10981
Naissances;2020;19ème arrdt;3080
Naissances;2021;4ème arrdt;4
Naissances;2022;3ème arrdt;2
Naissances;2022;20ème arrdt;2379
Naissances;2023;17ème arrdt;1012
Reconnaissances;2004;15ème arrdt;1080
Reconnaissances;2008;3ème arrdt;141
Reconnaissances;2008;9ème arrdt;254
Reconnaissances;2009;7ème arrdt;100
Reconnaissances;2009;18ème arrdt;1247
Reconnaissances;2010;2ème arrdt;93
Reconnaissances;2010;19ème arrdt;1040
Reconnaissances;2013;4ème arrdt;98
Reconnaissances;2013;18ème arrdt;1325
Reconnaissances;2014;2ème arrdt;109
Reconnaissances;2014;6ème arrdt;86
Reconnaissances;2014;11ème arrdt;659
Reconnaissances;2014;16ème arrdt;273
Reconnaissances;2016;9ème arrdt;246
Reconnaissances;2018;1er arrdt;44
Reconnaissances;2020;7ème arrdt;75
Reconnaissances;2020;8ème arrdt;78
Reconnaissances;2020;15ème arrdt;669
Reconnaissances;2020;20ème arrdt;548
Mariages;2004;6ème arrdt;235
Mariages;2007;11ème arrdt;736
Mariages;2008;12ème arrdt;542
Mariages;2009;6ème arrdt;197
Mariages;2009;17ème arrdt;564
Mariages;2011;8ème arrdt;207
Mariages;2013;13ème arrdt;703
Mariages;2014;16ème arrdt;796
Mariages;2014;18ème arrdt;804
Mariages;2015;15ème arrdt;914
Mariages;2017;5ème arrdt;251
Mariages;2017;12ème arrdt;531
Mariages;2017;18ème arrdt;700
Mariages;2018;3ème arrdt;233
Mariages;2019;2ème arrdt;102
Mariages;2019;5ème arrdt;287
Mariages;2019;12ème arrdt;488
Mariages;2019;18ème arrdt;662
Mariages;2020;5ème arrdt;215
Mariages;2021;5ème arrdt;252
Mariages;2021;19ème arrdt;843
Mariages;2022;19ème arrdt;816
Décès;2004;1er arrdt;35
Décès;2005;16ème arrdt;777
Décès;2006;8ème arrdt;128
Décès;2010;8ème arrdt;100
Décès;2010;11ème arrdt;288
Décès;2013;3ème arrdt;49
Décès;2013;5ème arrdt;712
Décès;2013;16ème arrdt;1007
Décès;2015;11ème arrdt;347
Décès;2016;4ème arrdt;42
Décès;2017;3ème arrdt;41
Décès;2020;7ème arrdt;189
Décès;2020;10ème arrdt;1463
PACS;2017;10ème arrdt;165
PACS;2018;1er arrdt;81
PACS;2018;13ème arrdt;730
PACS;2019;15ème arrdt;941
PACS;2019;17ème arrdt;687
PACS;2020;4ème arrdt;86
PACS;2020;5ème arrdt;188
PACS;2021;14ème arrdt;689
PACS;2022;11ème arrdt;803
PACS;2022;18ème arrdt;819
PACS;2023;5ème arrdt;197
Changements de prénom;2017;4ème arrdt;23
Changements de prénom;2017;13ème arrdt;103
Changements de prénom;2017;19ème arrdt;99
Changements de prénom;2018;10ème arrdt;47
Changements de prénom;2018;20ème arrdt;70
Changements de prénom;2019;2ème arrdt;5
Changements de prénom;2020;18ème arrdt;54
Changements de prénom;2020;19ème arrdt;79
Changements de prénom;2022;9ème arrdt;17
Changements de nom (personne majeure);2023;19ème arrdt;124
Naissances;2004;17ème arrdt;2226
Naissances;2005;4ème arrdt;0
Naissances;2005;12ème arrdt;7762
Naissances;2006;8ème arrdt;3
Naissances;2006;14ème arrdt;10429
Naissances;2007;7ème arrdt;1
Naissances;2007;19ème arrdt;2928
Naissances;2009;5ème arrdt;2
Naissances;2009;14ème arrdt;10206
Naissances;2010;6ème arrdt;1
Naissances;2011;18ème arrdt;2291
Naissances;2012;7ème arrdt;1
Naissances;2012;17ème arrdt;1596
Naissances;2014;3ème arrdt;0
Naissances;2016;12ème arrdt;9700
Naissances;2016;17ème arrdt;1376
Naissances;2017;4ème arrdt;0
Naissances;2017;14ème arrdt;10874
Naissances;2020;6ème arrdt;0
Naissances;2020;7ème arrdt;1
Naissances;2021;20ème arrdt;2347
Naissances;2022;1er arrdt;1
Reconnaissances;2004;14ème arrdt;1157
Reconnaissances;2005;17ème arrdt;866
Reconnaissances;2006;12ème arrdt;1474
Reconnaissances;2006;14ème arrdt;933
Reconnaissances;2006;17ème arrdt;763
Reconnaissances;2007;4ème arrdt;100
Reconnaissances;2007;11ème arrdt;783
Reconnaissances;2009;19ème arrdt;1185
Reconnaissances;2011;20ème arrdt;1055
Reconnaissances;2012;2ème arrdt;106
Reconnaissances;2013;10ème arrdt;507
Reconnaissances;2015;1er arrdt;70
Reconnaissances;2015;6ème arrdt;103
Reconnaissances;2015;8ème arrdt;123
Reconnaissances;2015;20ème arrdt;849
Reconnaissances;2016;4ème arrdt;90
Reconnaissances;2016;15ème arrdt;818
Reconnaissances;2017;20ème arrdt;814
Reconnaissances;2020;17ème arrdt;467
Reconnaissances;2022;7ème arrdt;82
Reconnaissances;2022;10ème arrdt;604
Reconnaissances;2023;10ème arrdt;552
Mariages;2004;7ème arrdt;308
Mariages;2004;11ème arrdt;747
Mariages;2006;14ème arrdt;579
Mariages;2006;20ème arrdt;879
Mariages;2007;1er arrdt;105
Mariages;2007;2ème arrdt;141
Mariages;2007;16ème arrdt;777
Mariages;2009;3ème arrdt;195
Mariages;2009;14ème arrdt;585
Mariages;2011;3ème arrdt;175
Mariages;2011;4ème arrdt;120
Mariages;2011;15ème arrdt;887
Mariages;2012;1er arrdt;97
Mariages;2012;12ème arrdt;538
Mariages;2013;11ème arrdt;708
Mariages;2014;14ème arrdt;561
Mariages;2015;8ème arrdt;201
Mariages;2015;19ème arrdt;789
Mariages;2018;19ème arrdt;842
Mariages;2021;11ème arrdt;583
Mariages;2022;18ème arrdt;653
Décès;2004;10ème arrdt;1283
Décès;2004;11ème arrdt;368
Décès;2005;19ème arrdt;463
Décès;2006;6ème arrdt;128
Décès;2011;10ème arrdt;1372
Décès;2013;15ème arrdt;3316
Décès;2015;5ème arrdt;469
Décès;2017;1er arrdt;43
Décès;2018;20ème arrdt;1098
Décès;2020;8ème arrdt;105
Décès;2020;15ème arrdt;3613
Décès;2020;17ème arrdt;434
Décès;2021;14ème arrdt;2375
Décès;2022;18ème arrdt;1663
PACS;2017;3ème arrdt;46
PACS;2019;5ème arrdt;246
PACS;2021;3ème arrdt;193
PACS;2023;3ème arrdt;124
Changements de prénom;2020;6ème arrdt;9
Changements de prénom;2020;8ème arrdt;6
Changements de prénom;2020;12ème arrdt;87
Changements de prénom;2020;13ème arrdt;63
Changements de prénom;2023;10ème arrdt;61
Changements de prénom;2023;20ème arrdt;113
Changements de nom (personne majeure);2022;5ème arrdt;61
Changements de nom (personne majeure);2022;8ème arrdt;31
Changements de nom (personne majeure);2023;7ème arrdt;32
Changements de nom (personne majeure);2023;8ème arrdt;31
Naissances;2005;2ème arrdt;1
Naissances;2005;10ème arrdt;2123
Naissances;2005;19ème arrdt;2711
Naissances;2008;9ème arrdt;5
Naissances;2010;4ème arrdt;1
Naissances;2010;5ème arrdt;3
Naissances;2010;7ème arrdt;4
Naissances;2012;16ème arrdt;1439
Naissances;2013;1er arrdt;0
Naissances;2013;4ème arrdt;1
Naissances;2014;14ème arrdt;10673
Naissances;2015;16ème arrdt;1328
Naissances;2016;8ème arrdt;2
Naissances;2018;3ème arrdt;1
Naissances;2019;15ème arrdt;6463
Naissances;2020;3ème arrdt;2
Naissances;2021;16ème arrdt;1278
Naissances;2023;13ème arrdt;2257
Reconnaissances;2004;5ème arrdt;180
Reconnaissances;2004;13ème arrdt;1319
Reconnaissances;2008;4ème arrdt;113
Reconnaissances;2009;1er arrdt;66
Naissances;2004;13ème arrdt;3447
Reconnaissances;2010;17ème arrdt;645
Naissances;2004;20ème arrdt;2159
Reconnaissances;2011;15ème arrdt;874
Naissances;2005;3ème arrdt;3
Reconnaissances;2012;6ème arrdt;66
Naissances;2005;18ème arrdt;2370
Reconnaissances;2012;16ème arrdt;295
Naissances;2006;2ème arrdt;0
Reconnaissances;2012;17ème arrdt;558
Naissances;2006;12ème arrdt;8350
Reconnaissances;2013;11ème arrdt;679
Naissances;2009;4ème arrdt;2
Reconnaissances;2014;14ème arrdt;775
Naissances;2009;13ème arrdt;3388
Reconnaissances;2015;2ème arrdt;99
Naissances;2012;3ème arrdt;2
Reconnaissances;2016;19ème arrdt;959
Naissances;2012;11ème arrdt;705
Reconnaissances;2017;7ème arrdt;86
Naissances;2012;18ème arrdt;2160
Reconnaissances;2017;15ème arrdt;811
Naissances;2014;5ème arrdt;1
Reconnaissances;2018;6ème arrdt;102
Naissances;2015;2ème arrdt;1
Reconnaissances;2018;17ème arrdt;513
Naissances;2015;19ème arrdt;2988
Reconnaissances;2021;13ème arrdt;822
Naissances;2017;9ème arrdt;2
Reconnaissances;2022;15ème arrdt;615
Naissances;2017;20ème arrdt;2615
Mariages;2004;8ème arrdt;240
Naissances;2018;20ème arrdt;2529
Mariages;2004;14ème arrdt;661
Naissances;2020;4ème arrdt;0
Mariages;2005;10ème arrdt;609
Naissances;2021;15ème arrdt;6600
Mariages;2008;20ème arrdt;756
Naissances;2023;1er arrdt;1
Mariages;2010;10ème arrdt;423
Naissances;2023;4ème arrdt;2
Mariages;2011;11ème arrdt;605
Naissances;2023;14ème arrdt;9689
Mariages;2016;8ème arrdt;195
Reconnaissances;2006;5ème arrdt;158
Mariages;2017;13ème arrdt;646
Reconnaissances;2006;7ème arrdt;119
Mariages;2017;15ème arrdt;936
Reconnaissances;2006;11ème arrdt;1207
Mariages;2018;4ème arrdt;130
Reconnaissances;2008;8ème arrdt;108
Mariages;2019;6ème arrdt;175
Reconnaissances;2011;10ème arrdt;549
Mariages;2020;13ème arrdt;484
Reconnaissances;2017;12ème arrdt;718
Mariages;2023;3ème arrdt;490
Reconnaissances;2019;8ème arrdt;119
Décès;2004;9ème arrdt;99
Reconnaissances;2019;17ème arrdt;492
Décès;2006;1er arrdt;39
Reconnaissances;2020;3ème arrdt;157
Décès;2006;15ème arrdt;3060
Reconnaissances;2021;14ème arrdt;577
Décès;2007;4ème arrdt;333
Mariages;2004;4ème arrdt;152
Décès;2008;3ème arrdt;55
Mariages;2004;16ème arrdt;888
Décès;2010;13ème arrdt;2059
Mariages;2005;18ème arrdt;1095
Décès;2012;16ème arrdt;948
Mariages;2006;6ème arrdt;202
Décès;2013;1er arrdt;37
Mariages;2006;15ème arrdt;991
Décès;2013;4ème arrdt;129
Mariages;2007;7ème arrdt;299
Décès;2013;9ème arrdt;79
Mariages;2007;8ème arrdt;192
Décès;2015;18ème arrdt;1491
Mariages;2009;15ème arrdt;947
Décès;2016;2ème arrdt;20
Mariages;2011;18ème arrdt;730
Décès;2016;5ème arrdt;370
Mariages;2012;3ème arrdt;201
Décès;2016;18ème arrdt;1668
Mariages;2012;11ème arrdt;661
Décès;2017;19ème arrdt;1055
Mariages;2013;1er arrdt;102
Décès;2017;20ème arrdt;1142
Mariages;2014;12ème arrdt;625
Décès;2019;20ème arrdt;1076
Mariages;2016;17ème arrdt;512
Décès;2020;4ème arrdt;48
Mariages;2016;20ème arrdt;698
Décès;2022;8ème arrdt;89
Mariages;2017;2ème arrdt;124
Décès;2022;16ème arrdt;976
Mariages;2017;8ème arrdt;217
Décès;2023;3ème arrdt;52
Mariages;2017;16ème arrdt;807
PACS;2020;1er arrdt;38
Mariages;2020;12ème arrdt;336
PACS;2020;12ème arrdt;452
Décès;2004;18ème arrdt;1497
PACS;2020;13ème arrdt;523
Décès;2005;4ème arrdt;374
PACS;2020;14ème arrdt;344
Décès;2005;7ème arrdt;211
PACS;2022;1er arrdt;77
Décès;2005;12ème arrdt;1549
PACS;2022;17ème arrdt;639
Décès;2006;11ème arrdt;293
PACS;2023;20ème arrdt;555
Décès;2007;6ème arrdt;120
Changements de prénom;2017;9ème arrdt;13
Décès;2008;1er arrdt;39
Changements de prénom;2017;10ème arrdt;56
Décès;2011;9ème arrdt;95
Changements de prénom;2018;2ème arrdt;8
Décès;2012;7ème arrdt;186
Changements de prénom;2018;3ème arrdt;13
Décès;2012;12ème arrdt;1583
Changements de prénom;2018;6ème arrdt;13
Décès;2012;14ème arrdt;2015
Changements de prénom;2019;15ème arrdt;97
Décès;2012;17ème arrdt;358
Changements de prénom;2019;16ème arrdt;34
Décès;2013;11ème arrdt;233
Changements de prénom;2020;14ème arrdt;44
Décès;2014;11ème arrdt;223
Changements de prénom;2021;7ème arrdt;6
Décès;2014;20ème arrdt;1114
Changements de prénom;2021;8ème arrdt;15
Décès;2015;16ème arrdt;1006
Changements de nom (personne majeure);2023;17ème arrdt;99
Décès;2016;6ème arrdt;95
Décès;2016;19ème arrdt;1089
Décès;2017;5ème arrdt;328
Décès;2017;13ème arrdt;2281
Décès;2018;15ème arrdt;3565
Décès;2019;10ème arrdt;1333
Décès;2019;12ème arrdt;1716
Décès;2020;18ème arrdt;1787
Décès;2021;17ème arrdt;429
Décès;2023;2ème arrdt;27
Décès;2023;12ème arrdt;1568
PACS;2019;6ème arrdt;133
PACS;2019;18ème arrdt;935
PACS;2020;6ème arrdt;107
PACS;2021;8ème arrdt;117
PACS;2021;17ème arrdt;728
PACS;2022;6ème arrdt;98
PACS;2022;12ème arrdt;615
PACS;2022;14ème arrdt;458
PACS;2022;15ème arrdt;845
PACS;2023;9ème arrdt;222
PACS;2023;15ème arrdt;753
Changements de prénom;2019;8ème arrdt;11
Changements de prénom;2019;18ème arrdt;52
Changements de prénom;2020;2ème arrdt;5
Changements de prénom;2020;4ème arrdt;6
Changements de prénom;2022;8ème arrdt;12
Changements de prénom;2022;18ème arrdt;82
Changements de prénom;2023;16ème arrdt;59
Changements de prénom;2023;17ème arrdt;62
Changements de nom (personne majeure);2022;20ème arrdt;149
Changements de nom (personne majeure);2023;4ème arrdt;29
Naissances;2004;5ème arrdt;6
Naissances;2005;11ème arrdt;2776
Naissances;2006;6ème arrdt;4
Naissances;2007;12ème arrdt;9898
Naissances;2007;17ème arrdt;1823
Naissances;2008;20ème arrdt;2316
Naissances;2009;11ème arrdt;1255
Naissances;2011;13ème arrdt;3334
Naissances;2011;19ème arrdt;3014
Naissances;2012;5ème arrdt;3
Naissances;2012;20ème arrdt;2518
Naissances;2013;8ème arrdt;1
Naissances;2013;12ème arrdt;9157
Naissances;2015;6ème arrdt;0
Naissances;2017;3ème arrdt;2
Naissances;2017;10ème arrdt;2352
Naissances;2020;16ème arrdt;1100
Naissances;2021;8ème arrdt;2
Naissances;2022;4ème arrdt;1
Naissances;2022;9ème arrdt;5
Naissances;2023;19ème arrdt;2631
Reconnaissances;2004;11ème arrdt;1496
Reconnaissances;2004;20ème arrdt;1115
Reconnaissances;2006;18ème arrdt;1838
Reconnaissances;2007;6ème arrdt;72
Reconnaissances;2007;16ème arrdt;311
Reconnaissances;2008;5ème arrdt;162
Reconnaissances;2008;14ème arrdt;746
Reconnaissances;2008;17ème arrdt;583
Reconnaissances;2009;15ème arrdt;859
Reconnaissances;2010;10ème arrdt;546
Reconnaissances;2010;15ème arrdt;853
Reconnaissances;2012;15ème arrdt;874
Reconnaissances;2013;7ème arrdt;91
Reconnaissances;2015;3ème arrdt;136
Reconnaissances;2015;12ème arrdt;759
Reconnaissances;2016;8ème arrdt;113
Reconnaissances;2016;12ème arrdt;699
Reconnaissances;2017;9ème arrdt;232
Reconnaissances;2017;14ème arrdt;656
Reconnaissances;2018;14ème arrdt;651
Reconnaissances;2019;14ème arrdt;589
Reconnaissances;2019;15ème arrdt;762
Reconnaissances;2021;2ème arrdt;1
Reconnaissances;2021;19ème arrdt;597
Reconnaissances;2022;4ème arrdt;3
Reconnaissances;2023;20ème arrdt;637
Mariages;2005;5ème arrdt;290
Mariages;2007;19ème arrdt;924
Mariages;2008;7ème arrdt;271
Mariages;2009;5ème arrdt;293
Mariages;2009;18ème arrdt;756
Mariages;2011;1er arrdt;98
Mariages;2011;6ème arrdt;194
Mariages;2011;12ème arrdt;527
Mariages;2012;4ème arrdt;121
Mariages;2012;16ème arrdt;763
Mariages;2012;20ème arrdt;727
Mariages;2014;2ème arrdt;150
Mariages;2014;5ème arrdt;270
Mariages;2014;11ème arrdt;742
Mariages;2016;7ème arrdt;250
Mariages;2016;11ème arrdt;661
Mariages;2018;13ème arrdt;634
Mariages;2020;14ème arrdt;330
Mariages;2020;17ème arrdt;336
Mariages;2020;18ème arrdt;492
Mariages;2022;1er arrdt;0
Mariages;2022;4ème arrdt;0
Mariages;2022;20ème arrdt;615
Décès;2005;20ème arrdt;1363
Décès;2006;2ème arrdt;42
Décès;2007;3ème arrdt;55
Décès;2007;11ème arrdt;306
Décès;2009;1er arrdt;39
Décès;2010;4ème arrdt;295
Décès;2010;6ème arrdt;114
Décès;2011;15ème arrdt;3261
Décès;2015;14ème arrdt;2087
Décès;2017;17ème arrdt;373
Décès;2018;3ème arrdt;45
Décès;2019;14ème arrdt;2161
Décès;2021;18ème arrdt;1681
Décès;2022;7ème arrdt;180
Décès;2022;15ème arrdt;3525
Décès;2023;5ème arrdt;265
Décès;2023;17ème arrdt;403
Décès;2023;18ème arrdt;1441
PACS;2017;14ème arrdt;148
PACS;2018;2ème arrdt;120
PACS;2019;13ème arrdt;673
PACS;2023;7ème arrdt;102
Changements de prénom;2018;11ème arrdt;41
Changements de prénom;2018;12ème arrdt;72
Changements de prénom;2018;16ème arrdt;47
Changements de prénom;2018;18ème arrdt;73
Changements de prénom;2021;16ème arrdt;29
Changements de prénom;2023;19ème arrdt;104
Changements de nom (personne majeure);2022;15ème arrdt;201
Naissances;2004;7ème arrdt;0
Naissances;2006;15ème arrdt;4787
Naissances;2006;17ème arrdt;2047
Naissances;2006;19ème arrdt;3077
Naissances;2007;15ème arrdt;4773
Naissances;2008;6ème arrdt;0
Naissances;2008;10ème arrdt;2334
Naissances;2010;17ème arrdt;1586
Naissances;2010;19ème arrdt;2860
Naissances;2011;4ème arrdt;0
Naissances;2011;12ème arrdt;9551
Naissances;2012;6ème arrdt;0
Naissances;2013;2ème arrdt;0
Naissances;2013;17ème arrdt;1524
Naissances;2014;20ème arrdt;2608
Naissances;2015;3ème arrdt;0
Naissances;2015;7ème arrdt;0
Naissances;2018;11ème arrdt;6
Naissances;2020;9ème arrdt;6
Naissances;2020;10ème arrdt;2263
Naissances;2021;11ème arrdt;10
Naissances;2021;18ème arrdt;1996
Naissances;2022;2ème arrdt;1
Naissances;2022;5ème arrdt;2
Naissances;2022;10ème arrdt;2350
Naissances;2023;12ème arrdt;8758
Naissances;2023;20ème arrdt;2318
Reconnaissances;2008;15ème arrdt;867
Reconnaissances;2009;8ème arrdt;106
Reconnaissances;2009;10ème arrdt;657
Reconnaissances;2009;16ème arrdt;308
Reconnaissances;2011;3ème arrdt;164
Reconnaissances;2017;5ème arrdt;138
Reconnaissances;2019;3ème arrdt;115
Reconnaissances;2019;4ème arrdt;77
Reconnaissances;2020;2ème arrdt;38
Reconnaissances;2020;4ème arrdt;30
Reconnaissances;2020;12ème arrdt;590
Reconnaissances;2022;6ème arrdt;69
Reconnaissances;2023;2ème arrdt;0
Mariages;2005;17ème arrdt;602
Mariages;2006;5ème arrdt;289
Mariages;2006;9ème arrdt;355
Mariages;2007;10ème arrdt;442
Mariages;2008;9ème arrdt;293
Mariages;2009;9ème arrdt;295
Mariages;2010;4ème arrdt;126
Mariages;2010;19ème arrdt;932
Mariages;2011;9ème arrdt;252
Mariages;2012;17ème arrdt;503
Mariages;2013;14ème arrdt;593
Mariages;2014;1er arrdt;124
Mariages;2016;13ème arrdt;653
Mariages;2017;1er arrdt;101
Mariages;2017;3ème arrdt;244
Mariages;2017;14ème arrdt;536
Mariages;2019;4ème arrdt;139
Mariages;2019;13ème arrdt;612
Mariages;2019;17ème arrdt;505
Mariages;2020;7ème arrdt;197
Mariages;2021;9ème arrdt;223
Mariages;2023;1er arrdt;0
Mariages;2023;8ème arrdt;188
Mariages;2023;18ème arrdt;649
Décès;2004;2ème arrdt;53
Décès;2004;4ème arrdt;317
Décès;2004;14ème arrdt;2086
Décès;2006;13ème arrdt;1864
Décès;2006;16ème arrdt;859
Décès;2007;5ème arrdt;572
Décès;2007;10ème arrdt;1454
Décès;2007;14ème arrdt;1751
Décès;2008;2ème arrdt;39
Décès;2008;19ème arrdt;488
Décès;2009;9ème arrdt;91
Décès;2010;18ème arrdt;1392
Décès;2011;2ème arrdt;32
Décès;2011;6ème arrdt;96
Décès;2011;17ème arrdt;389
Décès;2014;14ème arrdt;1962
Décès;2015;15ème arrdt;3522
Décès;2016;10ème arrdt;1262
Décès;2016;11ème arrdt;234
Décès;2016;20ème arrdt;1047
Décès;2017;8ème arrdt;78
Décès;2017;11ème arrdt;283
Décès;2017;16ème arrdt;1121
Décès;2018;1er arrdt;34
Décès;2018;6ème arrdt;117
Décès;2018;8ème arrdt;86
Décès;2018;16ème arrdt;1012
Décès;2018;17ème arrdt;347
Décès;2019;19ème arrdt;1112
Décès;2020;19ème arrdt;1289
Décès;2022;11ème arrdt;338
Décès;2022;17ème arrdt;507
Décès;2023;6ème arrdt;96
Décès;2023;15ème arrdt;3418
PACS;2017;4ème arrdt;37
PACS;2017;15ème arrdt;326
PACS;2017;19ème arrdt;154
PACS;2018;7ème arrdt;109
PACS;2021;9ème arrdt;273
PACS;2023;11ème arrdt;756
PACS;2023;13ème arrdt;530
PACS;2023;19ème arrdt;511
Changements de prénom;2017;8ème arrdt;19
Changements de prénom;2019;3ème arrdt;15
Changements de prénom;2020;7ème arrdt;11
Changements de prénom;2021;2ème arrdt;9
Changements de prénom;2021;14ème arrdt;65
Changements de prénom;2021;15ème arrdt;102
Changements de prénom;2022;5ème arrdt;24
Changements de prénom;2023;3ème arrdt;17
Changements de prénom;2023;14ème arrdt;91
Changements de nom (personne majeure);2023;16ème arrdt;114
Naissances;2004;1er arrdt;7
Naissances;2004;12ème arrdt;8092
Naissances;2005;7ème arrdt;3
Naissances;2008;1er arrdt;4
Naissances;2008;12ème arrdt;10831
Naissances;2009;3ème arrdt;5
Naissances;2010;9ème arrdt;1
Naissances;2010;13ème arrdt;3264
Naissances;2013;18ème arrdt;2202
Naissances;2014;15ème arrdt;5960
Naissances;2015;4ème arrdt;1
Naissances;2016;10ème arrdt;2627
Naissances;2018;5ème arrdt;2
Naissances;2018;7ème arrdt;0
Naissances;2019;5ème arrdt;3
Naissances;2020;14ème arrdt;10384
Naissances;2020;17ème arrdt;1237
Naissances;2021;3ème arrdt;3
Naissances;2022;7ème arrdt;1
Naissances;2022;16ème arrdt;1152
Reconnaissances;2004;4ème arrdt;144
Reconnaissances;2004;8ème arrdt;140
Reconnaissances;2004;19ème arrdt;1579
Reconnaissances;2005;5ème arrdt;192
Reconnaissances;2005;18ème arrdt;2170
Reconnaissances;2006;2ème arrdt;101
Reconnaissances;2006;6ème arrdt;109
Reconnaissances;2008;12ème arrdt;865
Reconnaissances;2009;12ème arrdt;792
Reconnaissances;2009;13ème arrdt;922
Reconnaissances;2009;17ème arrdt;607
Reconnaissances;2010;4ème arrdt;104
Reconnaissances;2010;5ème arrdt;149
Reconnaissances;2010;6ème arrdt;91
Reconnaissances;2012;7ème arrdt;87
Reconnaissances;2012;18ème arrdt;1200
Reconnaissances;2013;1er arrdt;54
Reconnaissances;2013;3ème arrdt;141
Reconnaissances;2014;19ème arrdt;1041
Reconnaissances;2015;9ème arrdt;223
Reconnaissances;2016;3ème arrdt;133
Reconnaissances;2016;17ème arrdt;548
Reconnaissances;2016;18ème arrdt;1210
Reconnaissances;2018;3ème arrdt;116
Reconnaissances;2018;12ème arrdt;747
Reconnaissances;2019;10ème arrdt;589
Reconnaissances;2019;20ème arrdt;784
Reconnaissances;2020;5ème arrdt;99
Reconnaissances;2020;16ème arrdt;205
Reconnaissances;2021;1er arrdt;1
Reconnaissances;2022;20ème arrdt;723
Reconnaissances;2023;5ème arrdt;113
Reconnaissances;2023;12ème arrdt;575
Reconnaissances;2023;16ème arrdt;181
Reconnaissances;2023;17ème arrdt;351
Mariages;2004;5ème arrdt;336
Mariages;2005;7ème arrdt;284
Mariages;2005;13ème arrdt;866
Mariages;2006;1er arrdt;120
Mariages;2006;11ème arrdt;734
Mariages;2006;18ème arrdt;1079
Mariages;2010;16ème arrdt;747
Mariages;2013;8ème arrdt;212
Mariages;2014;20ème arrdt;787
Mariages;2015;1er arrdt;105
Mariages;2015;11ème arrdt;621
Mariages;2018;9ème arrdt;311
Mariages;2019;10ème arrdt;361
Mariages;2021;10ème arrdt;337
Mariages;2022;17ème arrdt;424
Décès;2006;18ème arrdt;1527
Décès;2007;19ème arrdt;455
Décès;2008;15ème arrdt;3397
Décès;2009;6ème arrdt;104
Décès;2009;17ème arrdt;359
Décès;2013;6ème arrdt;112
Décès;2014;9ème arrdt;104
Décès;2014;15ème arrdt;3415
Décès;2016;14ème arrdt;2195
Décès;2019;7ème arrdt;152
Décès;2020;6ème arrdt;127
Décès;2023;7ème arrdt;201
PACS;2017;8ème arrdt;52
PACS;2018;8ème arrdt;96
PACS;2018;14ème arrdt;568
PACS;2019;11ème arrdt;830
PACS;2020;10ème arrdt;451
PACS;2022;7ème arrdt;145
PACS;2022;10ème arrdt;446
PACS;2022;19ème arrdt;539
PACS;2023;4ème arrdt;93
Changements de prénom;2017;14ème arrdt;48
Changements de prénom;2019;7ème arrdt;13
Changements de prénom;2019;14ème arrdt;34
Changements de prénom;2020;1er arrdt;1
Changements de prénom;2021;19ème arrdt;96
Changements de prénom;2022;4ème arrdt;22
Changements de prénom;2022;15ème arrdt;116
Changements de prénom;2023;1er arrdt;9
Changements de prénom;2023;6ème arrdt;18
Changements de nom (personne majeure);2023;2ème arrdt;26
Changements de nom (personne majeure);2023;13ème arrdt;167
Naissances;2005;9ème arrdt;1
Naissances;2008;4ème arrdt;2
Naissances;2009;6ème arrdt;2
Naissances;2009;12ème arrdt;10904
Naissances;2009;18ème arrdt;2049
Naissances;2010;15ème arrdt;5471
Naissances;2011;20ème arrdt;2205
Naissances;2012;9ème arrdt;5
Naissances;2012;12ème arrdt;8859
Naissances;2013;19ème arrdt;3026
Naissances;2015;5ème arrdt;1
Naissances;2017;13ème arrdt;3018
Naissances;2018;1er arrdt;0
Naissances;2018;6ème arrdt;0
Naissances;2019;1er arrdt;1
Naissances;2022;8ème arrdt;2
Naissances;2022;15ème arrdt;6147
Reconnaissances;2005;12ème arrdt;1957
Reconnaissances;2006;16ème arrdt;449
Reconnaissances;2007;13ème arrdt;967
Reconnaissances;2008;7ème arrdt;121
Reconnaissances;2008;18ème arrdt;1317
Reconnaissances;2009;20ème arrdt;1033
Reconnaissances;2010;7ème arrdt;92
Reconnaissances;2010;11ème arrdt;781
Reconnaissances;2010;14ème arrdt;745
Reconnaissances;2011;5ème arrdt;154
Reconnaissances;2011;11ème arrdt;735
Reconnaissances;2011;16ème arrdt;293
Reconnaissances;2012;8ème arrdt;106
Reconnaissances;2012;9ème arrdt;215
Reconnaissances;2015;5ème arrdt;138
Reconnaissances;2015;14ème arrdt;720
Reconnaissances;2017;6ème arrdt;99
Reconnaissances;2020;9ème arrdt;151
Reconnaissances;2023;8ème arrdt;125
Reconnaissances;2023;11ème arrdt;460
Mariages;2004;12ème arrdt;626
Mariages;2008;4ème arrdt;127
Mariages;2008;17ème arrdt;551
Mariages;2008;19ème arrdt;882
Mariages;2009;20ème arrdt;762
Mariages;2011;10ème arrdt;389
Mariages;2011;16ème arrdt;664
Mariages;2012;13ème arrdt;665
Mariages;2012;18ème arrdt;669
Mariages;2014;13ème arrdt;669
Mariages;2015;3ème arrdt;262
Mariages;2016;2ème arrdt;137
Mariages;2016;3ème arrdt;259
Mariages;2016;10ème arrdt;381
Mariages;2017;7ème arrdt;297
Mariages;2017;10ème arrdt;384
Mariages;2019;8ème arrdt;211
Mariages;2021;7ème arrdt;289
Mariages;2021;16ème arrdt;777
Mariages;2022;3ème arrdt;449
Mariages;2022;12ème arrdt;569
Mariages;2022;14ème arrdt;471
Mariages;2023;6ème arrdt;202
Mariages;2023;11ème arrdt;553
Décès;2004;6ème arrdt;91
Décès;2005;14ème arrdt;2061
Décès;2006;17ème arrdt;382
Décès;2007;12ème arrdt;1528
Décès;2009;19ème arrdt;648
Décès;2009;20ème arrdt;1230
Décès;2010;14ème arrdt;1951
Décès;2011;12ème arrdt;1590
Décès;2012;8ème arrdt;112
Décès;2012;13ème arrdt;2054
Décès;2012;15ème arrdt;3306
Décès;2013;14ème arrdt;2023
Décès;2013;18ème arrdt;1399
Décès;2015;20ème arrdt;1146
Décès;2016;3ème arrdt;60
Décès;2016;7ème arrdt;179
Décès;2016;12ème arrdt;1567
Décès;2017;4ème arrdt;49
Décès;2017;9ème arrdt;88
Décès;2018;14ème arrdt;2191
Décès;2019;6ème arrdt;116
Décès;2020;13ème arrdt;2700
Décès;2021;9ème arrdt;98
Décès;2021;20ème arrdt;1270
Décès;2022;13ème arrdt;2362
Décès;2022;14ème arrdt;2418
Décès;2023;10ème arrdt;1368
PACS;2017;6ème arrdt;51
PACS;2017;11ème arrdt;123
PACS;2017;12ème arrdt;185
PACS;2018;11ème arrdt;825
PACS;2019;4ème arrdt;138
PACS;2019;9ème arrdt;270
PACS;2020;11ème arrdt;692
PACS;2021;4ème arrdt;124
PACS;2021;18ème arrdt;916
PACS;2022;2ème arrdt;122
Changements de prénom;2018;9ème arrdt;15
Changements de prénom;2018;19ème arrdt;87
Changements de prénom;2020;20ème arrdt;42
Changements de prénom;2022;1er arrdt;6
Changements de nom (personne majeure);2022;16ème arrdt;121
Changements de nom (personne majeure);2023;5ème arrdt;35
